{"Epoch": 30, "Batch": 5640, "Train_Loss": 0.10032542049884796, "Train_Accuracy": 1.0, "train_precision": 1.0, "train_recall": 1.0, "train_f1-score": 1.0, "_timestamp": 1687840983.4051828, "_runtime": 2801.47158575058, "_step": 5669, "Test_Loss": 0.673383891582489, "Test_Accuracy": 0.9933333333333333, "Test_Precision": 0.9935646053293112, "Test_Recall": 0.9933333333333335, "Test_F1-score": 0.993331065799657, "_wandb": {"runtime": 2823}}