{"Epoch": 30, "Batch": 5640, "Train_Loss": 0.6232529878616333, "Train_Accuracy": 0.75, "train_precision": 0.6666666666666666, "train_recall": 0.6111111111111112, "train_f1-score": 0.6296296296296295, "_timestamp": 1687836143.3369577, "_runtime": 2731.5928027629852, "_step": 5669, "Test_Loss": 1.0048025846481323, "Test_Accuracy": 0.968, "Test_Precision": 0.9689579479590579, "Test_Recall": 0.9680000000000001, "Test_F1-score": 0.9676801787173631, "_wandb": {"runtime": 2752}}