{"Epoch": 100, "Batch": 15000, "Train_Loss": 0.0031505378428846598, "Train_Accuracy": 1.0, "_timestamp": 1689147117.1202707, "_runtime": 7846.1711966991425, "_step": 15099, "Test_Loss": 0.016208594664931297, "Test_Accuracy": 0.9983333333333333, "Test_Precision": 0.9983660130718954, "Test_Recall": 0.9983333333333334, "Test_F1-score": 0.9983331666499983, "_wandb": {"runtime": 7861}}